{"danceability": [0.5398322010704293, 0.1779124510727159], "energy": [0.5795619566962658, 0.2530200443724115], "key": [5.218708186352026, 3.5336391387445074], "loudness": [-10.215327575720716, 5.326341669185767], "mode": [0.6925252402384138, 0.4614547728393002], "speechiness": [0.07297482362243037, 0.0861247214749291], "acousticness": [0.36370244640797955, 0.3387443756018275], "instrumentalness": [0.15426140846369055, 0.30371418177351783], "liveness": [0.2013456148886997, 0.17257111741151399], "valence": [0.5424513763532417, 0.2672617141609648], "tempo": [119.34952487531929, 29.088692448334967], "duration_ms": [235055.90496898186, 120337.07809547329], "time_signature": [3.894021408587763, 0.42235038776105904], "chorus_hit": [40.12055408709403, 19.0706747518245]}